{
    "anniversary_date": "2024-08-04 HH:MM:SS",
    "sweet_memories": [
        "Remember that time we first met? It feels like just yesterday.",
        "Our first date was so special, I still smile thinking about it.",
        "That unforgettable trip we took to [Place you visited] – one of my favorite memories.",
        "Every moment with you is a sweet memory, especially when we [mention a specific shared hobby/activity].",
        "The day you [something sweet she did/said] – that really stuck with me."
    ],
    "first_moments": {
        "first_met": "On August 27th, 2023.",
        "first_date": "Our very first date is still due lol.",
        "first_i_love_you": "You first said 'I love you' on November 21st, 2023.",
        "first_confession_dory": "You confessed your feelings for me on November 21st, 2023.",
        "first_confession_sid" : "I confessed my feelings for you on August 3rd, 2024."
    },
    "our_songs": [
        {"title": "Tum Se Hii", "artist": "Mohit Chauhan", "link": "https://www.youtube.com/watch?v=mt9xg0mmt28"},
        {"title": "Maula Mere Maula", "artist": "Roop Kumar Rathod", "link": "https://www.youtube.com/watch?v=l5sgIqzlPXc"},
        {"title": "Your favorite song with her", "artist": "Artist Name", "link": "https://example.com/yoursong"}
    ],
    "future_adventures": [
        "Go stargazing together in a dark sky park.",
        "COOK FOOD TOGETHER",
        "Try a new adventurous activity like rock climbing or kayaking.?",
        "Binge-watch F.R.E.I.N.D.S.",
        "Binge-watch whole Marvel lol "
    ],
    "compliments": [
        "Your kindness always amazes me.",
        "Your smile is my favorite thing.",
        "You have the most infectious laugh.",
        "You inspire me every day.",
        "Oh Dory, My Dory",
        "Your eyes are more beautiful than the star clusters in the night sky.",
        "You are the purest soul I will ever know."

    ]
    ,
    "my_poems": [
    "Your eyes, like stars, light up my way,\nYour smile, a sun, that brightens every day.\nWith every beat, my heart whispers your name,\nForever and always, my love, my flame.",
    "Lost in the darkness, I found you,\nMy darkness complements Your light,\nIn those shiny eye of yours,\nI've seen my demons disappear, you saved me.\nI'm intertwined in this love, forever yours.\nYour pictures breathe a new life into my lifeless self.\nYour voice is the sound of my peace.\nYour smile is always so fresh and new,\nBut your eyes, your eyes are the guiding lights that lead me to you.",
    "Oh I don't look good, she says,\nOh girl, don't you dare say.\nMy heart grows, my eyes shine,\nMy day is through and the night's alive.\nYou, you're the reason I've been where I am,\nStaring at your pics at 4 am.\nYou don't know the peace you provide,\nYour eyes are my best guide.\nGod gave me the perfect blessing that day.\nOh I don't look good, Please don't say.",
    "Texting a girl, A cute, beautiful girl.\nShe helps me, Annoys less.\nShe doubts herself, drowns in overthinking all the time.\nShe lightens my mood with just a smile [sometimes through her dory nature too].\nI don't know how much she means to me, and I don't want to know too.\n'Cause this cluelessness is cute, Just like u??"

    ]
    
}